city,restaurant,latitude,longitude,neighborhood
Montreal,McDonald's,45.5018869,-73.56739189999999,Quartier des Spectacles
Montreal,Poulet Bronze,45.4951493,-73.5795709,Ville-Marie
Montreal,Joe's Panini 24hrs (1404 Rue Drummond),45.4987129,-73.5748021,Ville-Marie
Montreal,I Am Pho,45.4948197,-73.5798667,Ville-Marie
Montreal,Wok Cafe,45.4932398,-73.5801484,Ville-Marie
Montreal,Mexigrill Express,45.5133002,-73.57094289999999,Le Plateau-Mont-Royal
Montreal,Mandy's,45.5018869,-73.56739189999999,Quartier des Spectacles
Montreal,Poke Monster,45.5155634,-73.56398779999999,TOD quartier Berri UQAM
Montreal,Green Spot,45.4809248,-73.5788376,Saint-Henri
Montreal,Sumac,45.4794972,-73.58089439999999,Saint-Henri
Montreal,Five Guys Burgers & Fries,45.5018869,-73.56739189999999,Quartier des Spectacles
Montreal,Notre-Boeuf-de-Grâce,45.5018869,-73.56739189999999,Quartier des Spectacles
Montreal,Subway,45.5018869,-73.56739189999999,Quartier des Spectacles
Montreal,Pizza Hut,45.5018869,-73.56739189999999,Quartier des Spectacles
Montreal,Thali Cuisine Indienne,45.4931154,-73.5806427,Ville-Marie
Montreal,Restaurant PM,45.493737,-73.57963960000001,Ville-Marie
Montreal,Desserts Etc,45.4931771,-73.5802808,Ville-Marie
Montreal,El Pastaman,45.5130433,-73.55919329999999,TOD quartier Berri UQAM
Montreal,Pitarifique,45.5177823,-73.581721,Le Plateau-Mont-Royal
Montreal,Campo Poulet Portugais,45.5005293,-73.574846,Quartier des Spectacles
Montreal,Uncle Tetsu's Japanese Cheesecake,45.5018869,-73.56739189999999,Quartier des Spectacles
Montreal,Pho Nguyen,45.4943649,-73.5804485,Ville-Marie
Montreal,Banh Mi 79,45.5108241,-73.56315110000001,Quartier des Spectacles
Montreal,Chateau Kebab,45.4958857,-73.5801558,Ville-Marie
Montreal,Picks,45.49308,-73.580634,Ville-Marie
Montreal,Omnivore,45.5018869,-73.56739189999999,Quartier des Spectacles
Montreal,Zoe & Presotea,45.4949184,-73.5814399,Ville-Marie
Montreal,The Alley,45.4948234,-73.57765429999999,Ville-Marie
Montreal,Poke Bento,45.4943865,-73.5804874,Ville-Marie
Montreal,Tejano BBQ Burrito (St-Henri),45.4729916,-73.589085,Saint-Henri
Montreal,Snaxies,45.5190821,-73.5949658,Mile-End
Montreal,Burger King,45.5018869,-73.56739189999999,Quartier des Spectacles
Montreal,Che Churros & Empanadas,45.5176424,-73.5850095,Le Plateau-Mont-Royal
Montreal,PresoTea,45.5018869,-73.56739189999999,Quartier des Spectacles
Montreal,Sammi & Soupe Dumpling,45.49273549999999,-73.5807708,Ville-Marie
Montreal,Schwartz's Deli,45.5163503,-73.5776401,Le Plateau-Mont-Royal
Montreal,Aunt Dai,45.49431939999999,-73.5803435,Ville-Marie
Montreal,Curry Mahal,45.5155629,-73.5765026,Le Plateau-Mont-Royal
Montreal,Wienstein and Gavino's,45.4975111,-73.57674999999999,Ville-Marie
Montreal,Grillado's Poulet Grille Peri Peri,45.5074589,-73.56407779999999,Quartier des Spectacles
Montreal,Restaurant Ethan,45.507239,-73.560352,Quartier Chinois
Montreal,Dairy Queen,45.5018869,-73.56739189999999,Quartier des Spectacles
Montreal,Spicebros,45.5018869,-73.56739189999999,Quartier des Spectacles
Montreal,Liquid Nutrition,45.5018869,-73.56739189999999,Quartier des Spectacles
Montreal,Bacaro Urban Pizzeria,45.5018869,-73.56739189999999,Quartier des Spectacles
Montreal,Raku,45.5183284,-73.58125129999999,Le Plateau-Mont-Royal
Montreal,Student Tasty Biryani,45.4957837,-73.5803559,Ville-Marie
Montreal,Cocktail Hawaii,45.495222,-73.5800032,Ville-Marie
Montreal,K2+,45.4977355,-73.5773024,Ville-Marie
Montreal,Tsukuyomi,45.4960667,-73.5757711,Ville-Marie
Montreal,Cuisine Szechuan,45.4963086,-73.5814676,Ville-Marie
Montreal,Romados Rôtisserie et Pâtisserie,45.5018869,-73.56739189999999,Quartier des Spectacles
Montreal,Freshii,45.50060329999999,-73.5747312,Quartier des Spectacles
Montreal,Don Tacos,45.4931771,-73.5802808,Ville-Marie
Montreal,Le Petit Sao (Vieux Montréal),45.5034096,-73.5580684,Vieux-Montréal
Montreal,Nilufar (Rue Sainte-Catherine O),45.4926782,-73.5808824,Ville-Marie
Montreal,Lafleur Restaurant (Montreal),45.5018869,-73.56739189999999,Quartier des Spectacles
Montreal,Le Taj,45.5009164,-73.5766481,Ville-Marie
Montreal,Chez Hailar,45.496279,-73.581744,Ville-Marie
Montreal,Restaurant Sesame Atwater,45.4795936,-73.575661,Le Sud-Ouest
Montreal,Dirty Dogs,45.5147364,-73.57410229999999,Le Plateau-Mont-Royal
Montreal,ÔFour,45.5087886,-73.5727043,Le Plateau-Mont-Royal
Montreal,Jano Grillades (poulet portugais),45.51621,-73.57728399999999,Le Plateau-Mont-Royal
Montreal,Chung Chun Kogo Coreen,45.5018869,-73.56739189999999,Quartier des Spectacles
Montreal,La Cantina,45.50022,-73.57578199999999,Ville-Marie
Montreal,TSUJIRI Montreal,45.4973714,-73.5765406,Ville-Marie
Montreal,Medusa Restaurant,45.4979333,-73.5731121,Ville-Marie
Montreal,Quesada Burritos & Tacos,45.5018869,-73.56739189999999,Quartier des Spectacles
Montreal,Wok To Go,45.5045856,-73.5686077,Quartier des Spectacles
Montreal,Brigade Neapolitan Pizza,45.5018869,-73.56739189999999,Quartier des Spectacles
Montreal,Shuyi Tealicious,45.5076563,-73.5603589,Quartier Chinois
Montreal,Ben & Jerry's,45.5015608,-73.5709418,Quartier des Spectacles
Montreal,Restaurant Végo,45.5154587,-73.5646343,TOD quartier Berri UQAM
Montreal,Ichifuku,45.4925795,-73.5809587,Ville-Marie
Montreal,Restaurant La capital,45.5084429,-73.5610566,Quartier Chinois
Montreal,Rockaberry,45.5018869,-73.56739189999999,Quartier des Spectacles
Montreal,Felix &Norton,45.5075936,-73.5508213,Vieux-Montréal
Montreal,Koa Lua,45.4959246,-73.5767597,Ville-Marie
Montreal,Tejano BBQ Burrito (Vieux Montréal),45.5074534,-73.5544177,Vieux-Montréal
Montreal,Abrakababra,45.5178267,-73.5701725,Le Plateau-Mont-Royal
Montreal,Restaurant Burger Bros,45.5149665,-73.57461160000001,Le Plateau-Mont-Royal
Montreal,Shawarma Habibi,45.4964884,-73.5717725,Ville-Marie
Montreal,Sansalizza,45.51047,-73.5761452,Le Plateau-Mont-Royal
Montreal,PhoBo,45.5018869,-73.56739189999999,Quartier des Spectacles
Montreal,Star Of India Restaurant,45.4935694,-73.5792988,Ville-Marie
Montreal,La Maison Du Bulgogi,45.4911432,-73.5826778,Ville-Marie
Montreal,Provision Cote des Neiges,45.4966292,-73.58230619999999,Ville-Marie
Montreal,DonDonYa,45.49718319999999,-73.5772503,Ville-Marie
Montreal,Okane Sushi Bar,45.4941346,-73.5640846,Ville-Marie
Montreal,Ho Lee Chix,45.5096042,-73.5639072,Quartier des Spectacles
Montreal,Singh's Indian Cuisine (Boul Saint Laurent),45.5146621,-73.5745167,Le Plateau-Mont-Royal
Montreal,CoCo Fresh Tea & Juice,45.4967593,-73.5759404,Ville-Marie
Montreal,Sophie Sucrée,45.5151335,-73.5757203,Le Plateau-Mont-Royal
Montreal,Ichiraku Kawaki,45.49480699999999,-73.55776759999999,Le Sud-Ouest
Montreal,3 Brasseurs,45.5018869,-73.56739189999999,Quartier des Spectacles
Montreal,QingHua Dumpling (Maisonneuve),45.4949188,-73.5803364,Ville-Marie
Montreal,La Popessa,45.5055392,-73.5586762,Vieux-Montréal
Montreal,Deli Lesters,45.5018869,-73.56739189999999,Quartier des Spectacles
Montreal,Nouilles Zhonghua,45.50328469999999,-73.5749407,Ville-Marie
Montreal,Hang Time Pizza,45.49753159999999,-73.5776961,Ville-Marie
Montreal,Yifang Taiwan Fruit Tea,45.4960317,-73.5807086,Ville-Marie
Montreal,Hazukido,45.4947621,-73.5785662,Ville-Marie
Montreal,Wrap Kings,45.5018869,-73.56739189999999,Quartier des Spectacles
Montreal,Le Bay Ca Phe,45.5244958,-73.5957079,Mile-End
Montreal,Petit Poisson Dumpling,45.493637,-73.579681,Ville-Marie
Montreal,Abe & Mary's,45.4993124,-73.57753009999999,Ville-Marie
Montreal,Lloydie's,45.5018869,-73.56739189999999,Quartier des Spectacles
Montreal,M4 Burrito (Rue St-Denis),45.51596019999999,-73.5649006,TOD quartier Berri UQAM
Montreal,3 Amigos,45.4944244,-73.5789844,Ville-Marie
Montreal,World Tea House 世界茶饮,45.5018869,-73.56739189999999,Quartier des Spectacles
Montreal,Bistro CO UT,45.5218748,-73.5702607,Le Plateau-Mont-Royal
Montreal,Pizza Saint Henri,45.4770135,-73.58699659999999,Saint-Henri
Montreal,Vua,45.500133,-73.5652994,Vieux-Montréal
Montreal,Restaurant Pho Maisonneuve,45.5174403,-73.5588836,TOD quartier Berri UQAM
Montreal,Restaurant Santa Lucia,45.5018869,-73.56739189999999,Quartier des Spectacles
Montreal,Mclean's Pub,45.49954229999999,-73.57214069999999,Ville-Marie
Montreal,Pho Bac 97 (Boul St-Laurent),45.5078836,-73.5598317,Quartier Chinois
Montreal,COQCOR,45.4948645,-73.5769071,Ville-Marie
Montreal,Bowhead Pub,45.5119283,-73.56184990000001,Quartier des Spectacles
Montreal,Eko Sushi,45.480269,-73.579506,Saint-Henri
Montreal,Olivia's Authentic Chicken,45.4974183,-73.577794,Ville-Marie
Montreal,Takara,45.5011514,-73.5733774,Ville-Marie
Montreal,Coco Rico,45.5164701,-73.5777592,Le Plateau-Mont-Royal
Montreal,La Cage,45.5018869,-73.56739189999999,Quartier des Spectacles
Montreal,Nos Thes,45.4949423,-73.5782622,Ville-Marie
Montreal,L'appétissant Sichuan,45.5015733,-73.5590174,Vieux-Montréal
Montreal,Kinton Ramen Canada,45.5018869,-73.56739189999999,Quartier des Spectacles
Montreal,Arahova Souvlaki Saint Viateur,45.5226294,-73.60164139999999,Mile-End
Montreal,YUMI,45.4963176,-73.578297,Ville-Marie
Montreal,Restaurant Shi Tang,45.4952405,-73.5793928,Ville-Marie
Montreal,Montreal Pool Room,45.5097066,-73.5631978,Quartier Chinois
Montreal,Hansang,45.5197108,-73.5967383,Mile-End
Montreal,Sushi Inbox,45.5050541,-73.57159519999999,Quartier des Spectacles
Montreal,Bhandari Cuisine Indienne,45.49483499999999,-73.58003269999999,Ville-Marie
Montreal,Mizan gourmet,45.493037,-73.5796579,Ville-Marie
Montreal,Chef Lee,45.492845,-73.5807318,Ville-Marie
Montreal,Pizza Pizza,45.5018869,-73.56739189999999,Quartier des Spectacles
Montreal,Restaurant Nippon (E 52nd St),45.5018869,-73.56739189999999,Quartier des Spectacles
Montreal,Centrale Bergham,45.5018869,-73.56739189999999,Quartier des Spectacles
Montreal,Chez Bong,45.5081382,-73.5596558,Quartier Chinois
Montreal,Royal Snacks,45.5115361,-73.56654449999999,Quartier des Spectacles
Montreal,New System Bar BQ,45.48065580000001,-73.5792397,Saint-Henri
Montreal,Mr. Gao China Restaurant 高老庄,45.4958868,-73.5788417,Ville-Marie
Montreal,Café casa de pastel,45.5168984,-73.58999709999999,Le Plateau-Mont-Royal
Montreal,Burger Bar,45.4980542,-73.5770671,Ville-Marie
Montreal,Hot Star Large Fried Chicken 豪大大鸡排（Quebec),45.4925096,-73.58104329999999,Ville-Marie
Montreal,Bird Bar,45.4882301,-73.5684093,Le Sud-Ouest
Montreal,Brotelli Pasta Bar,45.498543,-73.5709984,Ville-Marie
Montreal,Restaurant Chillax,45.5089613,-73.5729072,Le Plateau-Mont-Royal
Montreal,Cafe et Crêpe,45.50578609999999,-73.5672,Quartier des Spectacles
Montreal,Milton B,45.50918530000001,-73.5737272,Le Plateau-Mont-Royal
Montreal,Ugo Pizzeria,45.4972505,-73.5531649,Vieux-Montréal
Montreal,Yifang Fruit Tea Chinatown Montreal,45.5069919,-73.560523,Quartier Chinois
Montreal,Columbus Café,45.5018869,-73.56739189999999,Quartier des Spectacles
Montreal,Asoo restaurant,45.4961841,-73.5818934,Ville-Marie
Montreal,Tipsy Cow,45.510434,-73.57502509999999,Le Plateau-Mont-Royal
Montreal,Resto Séoul,45.5225654,-73.5793621,Le Plateau-Mont-Royal
Montreal,Tampopo,45.526886,-73.579531,Le Plateau-Mont-Royal
Montreal,Mr. Puffs,45.5018869,-73.56739189999999,Quartier des Spectacles
Montreal,Kabiga Thé (St Catherine Ouest),45.4943248,-73.5803851,Ville-Marie
Montreal,McGill pizza enr,45.5070854,-73.5761783,Le Plateau-Mont-Royal
Montreal,Da Giovanni,45.5115388,-73.5625699,Quartier des Spectacles
Montreal,Fisshu,45.5018869,-73.56739189999999,Quartier des Spectacles
Montreal,Second Pizza,45.4888835,-73.5862622,Ville-Marie
Montreal,La Baguette Farcie (Rue Saint-Louis),45.5014378,-73.6815745,Saint-Laurent
Montreal,RESTAURANT ARTIGIANI,45.524973,-73.5847663,Le Plateau-Mont-Royal
Montreal,Restaurant Copoli 2,45.5204425,-73.586238,Le Plateau-Mont-Royal
Montreal,Lakshana's Chettinad Indian Restaurant,45.4931771,-73.5795189,Ville-Marie
Montreal,Pizzeria Moretti,45.5026142,-73.5682612,Quartier des Spectacles
Montreal,Maynard,45.5133727,-73.5728474,Le Plateau-Mont-Royal
Montreal,Flat Belly Deli Halal,45.4977539,-73.5785052,Ville-Marie
Montreal,Saint-Houblon Quartier Latin,45.51474,-73.5622101,Ville-Marie
Montreal,Couche-Tard,45.5018869,-73.56739189999999,Quartier des Spectacles
Montreal,Madina Supermaket,45.5116604,-73.56679319999999,Quartier des Spectacles
Montreal,Kafe Kafta,45.5212858,-73.597023,Mile-End
Montreal,Chatime Chinatown,45.5075206,-73.5602622,Quartier Chinois
Montreal,La Belle Et La Boeuf,45.5018869,-73.56739189999999,Quartier des Spectacles
Montreal,L'Academie (Crescent),45.498243,-73.578266,Ville-Marie
Montreal,Escondite Vieux Montréal,45.505375,-73.553839,Vieux-Montréal
Montreal,Chez-Devi,45.49754,-73.577043,Ville-Marie
Montreal,Royal Biryani Restaurant,45.4959268,-73.57884349999999,Ville-Marie
Montreal,Spicy Noodle Express,45.510347,-73.5750614,Le Plateau-Mont-Royal
Montreal,Rumi,45.5193123,-73.5983517,Mile-End
Montreal,Lotus Plus - Centre des mets chinois à Montréal,45.5273145,-73.58009299999999,Le Plateau-Mont-Royal
Montreal,Jardin Du Cerf,45.508857,-73.562068,Quartier Chinois
Montreal,Chez anna,45.517529,-73.58109809999999,Le Plateau-Mont-Royal
Montreal,Tim Hortons,45.5018869,-73.56739189999999,Quartier des Spectacles
Montreal,Casina,45.52092409999999,-73.5998767,Mile-End
Montreal,Sho-Dan,45.5017117,-73.5746173,Quartier des Spectacles
Montreal,La Belle Corée,45.5226173,-73.5958145,Mile-End
Montreal,Venice,45.5032017,-73.55638569999999,Vieux-Montréal
Montreal,Make a Shake,45.5086519,-73.572295,Le Plateau-Mont-Royal
Montreal,Pizza City,45.5263389,-73.5591361,Ville-Marie
Montreal,Pub Lord William,45.4869041,-73.56702969999999,Le Sud-Ouest
Montreal,Restaurant les Traditions Mediterranean,45.4962352,-73.58132540000001,Ville-Marie
Montreal,Mai Xiang Yuan Dumpling,45.5082653,-73.560729,Quartier Chinois
Montreal,UNIBURGER,45.5018869,-73.56739189999999,Quartier des Spectacles
Montreal,Nouilles Lacai 1966,45.51083149999999,-73.56320099999999,Quartier des Spectacles
Montreal,Green Gazoline Burger,45.4806207,-73.57879419999999,Saint-Henri
Montreal,Nagoya Sushi,45.5066566,-73.5705227,Quartier des Spectacles
Montreal,Bello,45.5007981,-73.5562005,Vieux-Montréal
Montreal,Napoli Pizzeria,45.5008743,-73.57727349999999,Ville-Marie
Montreal,Pizza Bella,45.4958313,-73.5789137,Ville-Marie
Montreal,Restaurant Chez Chen,45.4958409,-73.58035559999999,Ville-Marie
Montreal,Vargas Steakhouse,45.5016451,-73.5673748,Quartier des Spectacles
Montreal,Sésame,45.5018869,-73.56739189999999,Quartier des Spectacles
Montreal,Paradise Biryani Pointe,45.4944268,-73.5798507,Ville-Marie
Montreal,Olu Olu Poke,45.5091625,-73.5706965,Quartier des Spectacles
Montreal,Smile Restaurant,45.5256278,-73.5987806,Mile-End
Montreal,Oh Dumplings,45.5076585,-73.5603842,Quartier Chinois
Montreal,Fang Chi,45.479945,-73.587611,Saint-Henri
Montreal,Sweet Girl,45.5111504,-73.5630979,Quartier des Spectacles
Montreal,A&W Canada,45.5018869,-73.56739189999999,Quartier des Spectacles
Montreal,Restaurant Amir,45.5018869,-73.56739189999999,Quartier des Spectacles
Montreal,Baguette Brochette,45.5191565,-73.5728805,Le Plateau-Mont-Royal
Montreal,Chic Choc Burger,45.5078099,-73.5652013,Quartier des Spectacles
Montreal,Coco fresh tea and juice,45.4967593,-73.5759404,Ville-Marie
Montreal,Golden Thali,45.50870750000001,-73.5622058,Quartier des Spectacles
Montreal,Yo Mama's Burgers,45.510319,-73.57500329999999,Le Plateau-Mont-Royal
Montreal,Le 5 Mai Déjeuners Mexicains Et Plus,45.5018869,-73.56739189999999,Quartier des Spectacles
Montreal,Pizza Dany,45.4977884,-73.574575,Ville-Marie
Montreal,Tzatziki Brothers,45.5092585,-73.57279539999999,Le Plateau-Mont-Royal
Montreal,Thé Perlé,45.522446,-73.5801833,Le Plateau-Mont-Royal
Montreal,Mango Bay Resto Bar,45.4952177,-73.5762404,Ville-Marie
Montreal,Restaurant Fung Shing (Boul Saint-Laurent),45.5084469,-73.561151,Quartier Chinois
Montreal,Royal Sushi,45.5193387,-73.5947643,Mile-End
Montreal,Phyllo Bar Melina's,45.523773,-73.605013,Mile-End
Montreal,The Dumpling Hut,45.5132871,-73.5725563,Le Plateau-Mont-Royal
Montreal,Restaurant La Toile,45.4829192,-73.5812782,Saint-Henri
Montreal,Vargas Sushi Bar,45.5016451,-73.5673748,Quartier des Spectacles
Montreal,BABACOOL MTL,45.5038971,-73.557225,Vieux-Montréal
Montreal,My Canh,45.5083597,-73.5609195,Quartier Chinois
Montreal,Restaurant Zaika,45.5221345,-73.5776314,Le Plateau-Mont-Royal
Montreal,Hero Certified Burgers,45.4976642,-73.5781695,Ville-Marie
Montreal,Le Gras Dur,45.5091786,-73.5629381,Quartier Chinois
Montreal,Benny & Co.,45.5018869,-73.56739189999999,Quartier des Spectacles
Montreal,Szechwan et Nouilles,45.5235686,-73.605795,Mile-End
Montreal,Laurier BBQ,45.5230914,-73.601666,Mile-End
Montreal,Delicieux,45.5080997,-73.5596951,Quartier Chinois
Montreal,Basha,45.5018869,-73.56739189999999,Quartier des Spectacles
Montreal,POKE FIJI,45.5018869,-73.56739189999999,Quartier des Spectacles
Montreal,Café - Pâtisserie - Traiteur le M,45.4954952,-73.5806084,Ville-Marie
Montreal,Slice & Soda,45.50273,-73.55542,Vieux-Montréal
Montreal,Teochew Foodie,45.5201947,-73.574933,Le Plateau-Mont-Royal
Montreal,Rotisserie Mile End,45.5243975,-73.59986769999999,Mile-End
Montreal,Roi du taco express,45.5255887,-73.5992921,Mile-End
Montreal,Trattoria Trestevere,45.4969811,-73.5748906,Ville-Marie
Montreal,College Cafe,45.4984435,-73.5746763,Ville-Marie
Montreal,Marché Sushi Poke,45.5175782,-73.5787319,Le Plateau-Mont-Royal
Montreal,Jugo Juice,45.5018869,-73.56739189999999,Quartier des Spectacles
Montreal,Valentine,45.5018869,-73.56739189999999,Quartier des Spectacles
Montreal,Bubble Tea Shop,45.5018869,-73.56739189999999,Quartier des Spectacles
Montreal,Le Petit Vibe,45.5096042,-73.5639072,Quartier des Spectacles
Montreal,La Scampia,45.5083421,-73.5522501,Vieux-Montréal
Montreal,La Fabrique de Bagel Montreal,45.5020089,-73.5605637,Ville-Marie
Montreal,G.O.A.T. Grill,45.47495,-73.58658810000001,Saint-Henri
Montreal,Depanneur Snackzilla,45.5282929,-73.5599482,Ville-Marie
Montreal,Junior,45.4866148,-73.56947790000001,Le Sud-Ouest
Montreal,"Eurovap - Munchies, Snacks & Sodas Exotiques",45.53375399999999,-73.561712,Ville-Marie
Montreal,Shushu Bar a Poke + Sushi,45.4835777,-73.5736531,Le Sud-Ouest
Montreal,Copper Branch,45.5018869,-73.56739189999999,Quartier des Spectacles
Montreal,Sugar Marmalade,45.4959048,-73.5755065,Ville-Marie
Montreal,La Marinara Express,45.5203438,-73.5909048,Le Plateau-Mont-Royal
Montreal,Restaurant Asha,45.5092682,-73.5735019,Le Plateau-Mont-Royal
Montreal,Lattuca Barbecue,45.5049453,-73.5535082,Vieux-Montréal
Montreal,Fiorella,45.5016893,-73.5736656,Quartier des Spectacles
Montreal,Grillades Torino,45.5018869,-73.56739189999999,Quartier des Spectacles
Montreal,Second Cup,45.5018869,-73.56739189999999,Quartier des Spectacles
Montreal,La Diperie,45.5018869,-73.56739189999999,Quartier des Spectacles
Montreal,Hooters,45.4977064,-73.5763688,Ville-Marie
Montreal,The Cheesecake Factory Bakery at La Diperie,45.5018869,-73.56739189999999,Quartier des Spectacles
Montreal,Rocky Mtn Chocolate,45.5029625,-73.57144149999999,Quartier des Spectacles
Montreal,Wally's Crème Glacée Végane,45.5240655,-73.5730452,Le Plateau-Mont-Royal
Montreal,Main Xiang Yuan,45.5018869,-73.56739189999999,Quartier des Spectacles
Montreal,Chop Crazy Gare Centrale,45.4999304,-73.5665831,Vieux-Montréal
Montreal,Carre Confiseries (Peel St),45.5003956,-73.573469,Ville-Marie
Montreal,Le Vieux Dublin Pub & Restaurant,45.5030083,-73.56864639999999,Quartier des Spectacles
Montreal,Ting Xang Dumpling,45.5018869,-73.56739189999999,Quartier des Spectacles
Montreal,Saké Grillades,45.5233892,-73.59323049999999,Mile-End
Montreal,Chicha Restaurant,45.4947706,-73.5800642,Ville-Marie
Montreal,Restaurant Pho Mont Royal,45.5311406,-73.57645450000001,Le Plateau-Mont-Royal
Montreal,Eggspectation,45.5018869,-73.56739189999999,Quartier des Spectacles
Montreal,Just Pressed,45.499567,-73.57379999999999,Ville-Marie
Montreal,Les Glaceurs,45.5277076,-73.57602349999999,Le Plateau-Mont-Royal
Montreal,La Fabrique de Bagel,45.5018869,-73.56739189999999,Quartier des Spectacles
Montreal,Tommy Cafe,45.5038209,-73.5573724,Vieux-Montréal
Montreal,Boba Boba,45.4948819,-73.558635,Le Sud-Ouest
Montreal,Restaurant Le Boucan,45.48731249999999,-73.5689711,Le Sud-Ouest
Montreal,Meet Fresh,45.4938204,-73.57964369999999,Ville-Marie
Montreal,Presse Café,45.5018869,-73.56739189999999,Quartier des Spectacles
Montreal,Restaurant Mr.DAKGALBI,45.4922042,-73.5831099,Ville-Marie
Montreal,BIS,45.4977498,-73.574221,Ville-Marie
Montreal,Brioche Dorée,45.5018869,-73.56739189999999,Quartier des Spectacles
Montreal,Le Vieux St-Laurent,45.5168261,-73.5787562,Le Plateau-Mont-Royal
Montreal,Burger Fiancé,45.50140700000001,-73.5594186,Vieux-Montréal
Montreal,Au Pain Doré,45.5018869,-73.56739189999999,Quartier des Spectacles
Montreal,Cafe Vasco Da Gama,45.5006345,-73.5745293,Ville-Marie
Montreal,Noobox,45.50546110000001,-73.55936369999999,Vieux-Montréal
Montreal,Livia (1468 Peel St),45.5005392,-73.5743181,Ville-Marie
Montreal,L2 Lounge (Rue De La Gauchetiere O),45.5073406,-73.5607436,Quartier Chinois
Montreal,Julian's Comptoir Gourmand,45.5188111,-73.5877137,Le Plateau-Mont-Royal
Montreal,Les Moulins La Fayette,45.5313643,-73.576208,Le Plateau-Mont-Royal
Montreal,Sushiyo,45.5049396,-73.57299259999999,Quartier des Spectacles
Montreal,The Bier Markt,45.4973799,-73.5720465,Ville-Marie
Montreal,Al-Taib Express,45.4957237,-73.5777969,Ville-Marie
Montreal,Avesta Restaurant,45.491565,-73.5825278,Ville-Marie
Montreal,Allo! Mon Coco,45.5018869,-73.56739189999999,Quartier des Spectacles
Montreal,Cachitos,45.5098186,-73.56403949999999,Quartier des Spectacles
Montreal,Pizza Soleil,45.5049917,-73.5714533,Quartier des Spectacles
Montreal,Spirulina,45.499567,-73.57379999999999,Ville-Marie
Montreal,Farrouj Express,45.5102521,-73.5750175,Le Plateau-Mont-Royal
Montreal,Sushi Ste-catherine,45.4938163,-73.5794832,Ville-Marie
Montreal,Snatch Restaurant,45.5215338,-73.5890893,Le Plateau-Mont-Royal
Montreal,Barley,45.48249999999999,-73.57611109999999,Saint-Henri
Montreal,Sushiman,45.5018869,-73.56739189999999,Quartier des Spectacles
Montreal,5Senses,45.5067379,-73.56638699999999,Quartier des Spectacles
Montreal,Les Grillades Du Cèdre,45.4957585,-73.5539173,Ville-Marie
Montreal,Cafe Aunja,45.4977417,-73.58028329999999,Ville-Marie
Montreal,Peel Pub,45.4994033,-73.57194249999999,Ville-Marie
Montreal,Enoteca Monza Pizzeria Moderna,45.5017873,-73.5703278,Quartier des Spectacles
Montreal,Buffalo Bill Wings,45.5018869,-73.56739189999999,Quartier des Spectacles
Montreal,Metro Cellular / SIM Cards,45.510127,-73.554734,Quartier Chinois
Montreal,La Fabrique,45.5181712,-73.56956670000001,Le Plateau-Mont-Royal
Montreal,Breizh Cafe - Crêperie Bretonne,45.516789,-73.578721,Le Plateau-Mont-Royal
Montreal,Cora,45.5018869,-73.56739189999999,Quartier des Spectacles
Montreal,Atti Express,45.5022718,-73.5697789,Quartier des Spectacles
Montreal,Ben & Florentine,45.5018869,-73.56739189999999,Quartier des Spectacles
Montreal,Mister Steer Restaurant,45.49873849999999,-73.5740237,Ville-Marie
Montreal,Leche Desserts,45.4741469,-73.59223709999999,Saint-Henri
Montreal,Capitaine Sandwich,45.5183185,-73.5783183,Le Plateau-Mont-Royal
Montreal,Philinos,45.5181835,-73.5929208,Le Plateau-Mont-Royal
Montreal,Cafétéria La Mosaïque,45.5066628,-73.57586119999999,Quartier des Spectacles
Montreal,La Boite Verte,45.49963899999999,-73.563631,Vieux-Montréal
Montreal,la perle bleue,45.49341,-73.57372269999999,Ville-Marie
Montreal,042 Afro Lounge,45.4957122,-73.575166,Ville-Marie
Montreal,Ragù ( Le Central ),45.5093056,-73.562932,Quartier des Spectacles
Montreal,La Baguette Farcie,45.5329984,-73.56733,Le Plateau-Mont-Royal
Montreal,Bernice,45.4697465,-73.59256049999999,Le Sud-Ouest
Montreal,Van Winkle's Sandwiches and Cafe,45.5018869,-73.56739189999999,Quartier des Spectacles
Montreal,Chez Ta Mère,45.5242606,-73.5946167,Mile-End
Montreal,Café Mimosa,45.5133458,-73.57102619999999,Le Plateau-Mont-Royal
Montreal,Kim Chi Korean Delight,45.5018869,-73.56739189999999,Quartier des Spectacles
Montreal,Pok Pok,45.5075084,-73.5644126,Quartier des Spectacles
Montreal,Fresh Mint,45.5096585,-73.573697,Le Plateau-Mont-Royal
Montreal,Takumi Sushi,45.517186,-73.5675984,Le Plateau-Mont-Royal
Montreal,La Petite Marche,45.5267457,-73.5886482,Le Plateau-Mont-Royal
Montreal,Restaurant District 4,45.5018869,-73.56739189999999,Quartier des Spectacles
Montreal,Restaurant l'Anecdote,45.5237157,-73.576651,Le Plateau-Mont-Royal
Montreal,Masala indian cuisine,45.5018869,-73.56739189999999,Quartier des Spectacles
Montreal,Deli Grill,45.50093409999999,-73.5737683,Ville-Marie
Montreal,Pizzéria Montréal New York,45.5104973,-73.5630986,Quartier des Spectacles
Montreal,Tropikàl,45.4803592,-73.579076,Saint-Henri
Montreal,Muffin Plus,45.5018869,-73.56739189999999,Quartier des Spectacles
Montreal,Quiznos,45.5018869,-73.56739189999999,Quartier des Spectacles
Montreal,Time,45.5018869,-73.56739189999999,Quartier des Spectacles
Montreal,Casa Kaizen by Sushi MoMo,45.5250677,-73.5849511,Le Plateau-Mont-Royal
Montreal,Le Warehouse Crescent St,45.4975187,-73.57689859999999,Ville-Marie
Montreal,Cacao 70 Eatery,45.5018869,-73.56739189999999,Quartier des Spectacles
Montreal,Lola Rosa,45.5068838,-73.5662586,Quartier des Spectacles
Montreal,OPIANO,45.5018168,-73.57693259999999,Ville-Marie
Montreal,RESTAURANT BIIRU,45.5050012,-73.5686458,Quartier des Spectacles
Montreal,Nouveau Palais,45.523943,-73.605494,Mile-End
Montreal,Hello 123,45.4797894,-73.58038599999999,Saint-Henri
Montreal,Crescent Sushi,45.4977264,-73.57652089999999,Ville-Marie
Montreal,Poke Star,45.5056763,-73.570876,Quartier des Spectacles
Montreal,Le Coq Frit,45.4935731,-73.5791285,Ville-Marie
Montreal,Chatime,45.5242858,-73.7134681,Saint-Laurent
Montreal,Mei Restaurant,45.4962457,-73.5774404,Ville-Marie
Montreal,Sandwicherie Ka'ek,45.4965941,-73.579028,Ville-Marie
Montreal,Formosa (Rue Cathcart),45.5022718,-73.5697789,Quartier des Spectacles
Montreal,Soupebol Nouillerie,45.50411390000001,-73.5683944,Quartier des Spectacles
Montreal,Kampai Garden (Sainte-Catherine St W),45.493668,-73.578694,Ville-Marie
Montreal,Kalbi,45.5080611,-73.5595872,Quartier Chinois
Montreal,Dandy,45.5033143,-73.5586126,Ville-Marie
Montreal,Pizza Madona,45.5306819,-73.5550456,Ville-Marie
Montreal,Mon Ami,45.5018869,-73.56739189999999,Quartier des Spectacles
Montreal,L'avenue,45.47956749999999,-73.5808021,Saint-Henri
Montreal,Poke Mahalo,45.533721,-73.5739859,Le Plateau-Mont-Royal
Montreal,Mono cafe,45.4981866,-73.57840999999999,Ville-Marie
Montreal,Arabesque Resto Bar,45.4949135,-73.5769172,Ville-Marie
Montreal,Restaurant Le Calvaire,45.49802709999999,-73.57316829999999,Ville-Marie
Montreal,Northwestern Chinese Cuisine (白家老汤),45.4933857,-73.5793959,Ville-Marie
Montreal,Thaiphon,45.5051095,-73.57143909999999,Quartier des Spectacles
Montreal,Gyu-Kaku Japanese BBQ,45.4969778,-73.5750797,Ville-Marie
Montreal,Falafel Avenue,45.5042331,-73.5724714,Quartier des Spectacles
Montreal,Bistro 1242 bar sportif,45.4982263,-73.5736821,Ville-Marie
Montreal,Siam Centre Ville,45.4966023,-73.5728652,Ville-Marie
Montreal,Omnivore PVM,45.5009951,-73.5689364,Ville-Marie
Montreal,Chifa,45.5045089,-73.5636596,Ville-Marie
Montreal,Il Milanese,45.4800464,-73.5799558,Saint-Henri
Montreal,Dépanneur After Hours,45.4929014,-73.5800948,Ville-Marie
Montreal,Saladesalad,45.5018869,-73.56739189999999,Quartier des Spectacles
Montreal,Greenspot 1947,45.4809248,-73.5788376,Saint-Henri
Montreal,Déjeunette,45.5028466,-73.5752364,Ville-Marie
Montreal,Snax,45.5018869,-73.56739189999999,Quartier des Spectacles
Montreal,Osteria mkt,45.5038213,-73.5707385,Quartier des Spectacles
Montreal,Motel Mexico,45.5018869,-73.56739189999999,Quartier des Spectacles
Montreal,SHAY Express,45.4913829,-73.5658059,Le Sud-Ouest
Montreal,Cafe Pave (Rue Notre-Dame O),45.503265,-73.5580942,Vieux-Montréal
Montreal,M4 Burritos Concordia,45.4960622,-73.5787922,Ville-Marie
Montreal,Crossbar Restaurant,45.4955181,-73.5731093,Ville-Marie
Montreal,Maman,45.4905306,-73.56665,Le Sud-Ouest
Montreal,Tiramisu,45.5078904,-73.559039,Quartier Chinois
Montreal,Tiradito,45.504513,-73.56342719999999,Ville-Marie
Montreal,Ayla,45.4884779,-73.566762,Le Sud-Ouest
Montreal,Le Comptoir Sushi et Prêt-à-Manger,45.506612,-73.554993,Vieux-Montréal
Montreal,Barroco,45.50140409999999,-73.5559468,Vieux-Montréal
Montreal,Au Festin de Babette,45.5211722,-73.57642779999999,Le Plateau-Mont-Royal
Montreal,Maquis yasolo,45.4790187,-73.5824339,Saint-Henri
Montreal,Burgers Galore,45.5001134,-73.5665231,Vieux-Montréal
Montreal,Green Cafe,45.5025051,-73.5717244,Quartier des Spectacles
Montreal,MB2GO (1050 Beaver Hall),45.50197180000001,-73.5648776,Quartier des Spectacles
Montreal,Circos Montreal,45.5076987,-73.5711287,Quartier des Spectacles
Montreal,Ristorante Aria,45.5010146,-73.5644801,Quartier des Spectacles
Montreal,Ramen 9000,45.5018869,-73.56739189999999,Quartier des Spectacles
Montreal,Restaurant Keung Kee,45.507253,-73.560407,Quartier Chinois
Montreal,Monami Express Condordia,45.4948363,-73.5779128,Ville-Marie
Montreal,saint döner sandwichs,45.5214733,-73.5780269,Le Plateau-Mont-Royal
Montreal,La Maison Oflore,45.521974,-73.57488099999999,Le Plateau-Mont-Royal
Montreal,Dynastie,45.5073778,-73.5599083,Quartier Chinois
Montreal,Stonefire Pizza,45.5018869,-73.56739189999999,Quartier des Spectacles
Montreal,Tacos Tin Tan,45.5193737,-73.5732574,Le Plateau-Mont-Royal
Montreal,Montréal kebab,45.50719,-73.5525049,Vieux-Montréal
Montreal,CafeDemix,45.5018869,-73.56739189999999,Quartier des Spectacles
Montreal,Columbus Café & Co,45.5018869,-73.56739189999999,Quartier des Spectacles
Montreal,Darlington Boire & Manger,45.5053277,-73.56423010000002,Ville-Marie
Montreal,Restaurant La Palma,45.5059808,-73.5638436,Quartier des Spectacles
Montreal,Bulma Bar,45.50018379999999,-73.5598763,Vieux-Montréal
Montreal,Arriba Burrito,45.5148362,-73.5625513,TOD quartier Berri UQAM
Montreal,Delices Place,45.5018869,-73.56739189999999,Quartier des Spectacles
Montreal,Arabica Lounge,45.495378,-73.57579199999999,Ville-Marie
Montreal,Kupfert & Kim,45.5018869,-73.56739189999999,Quartier des Spectacles
Montreal,Le P'tit Plateau (Marie-Anne St ),45.5222142,-73.5810267,Le Plateau-Mont-Royal
Montreal,Nopalito by Sushi MoMo,45.5250677,-73.5849511,Le Plateau-Mont-Royal
Montreal,Injoy Puff Corner,45.49251109999999,-73.5802937,Ville-Marie
Montreal,B&M Plateau (Rue Saint Viateur O),45.5018869,-73.56739189999999,Quartier des Spectacles
Montreal,Yokato Yokabai (4185 Drolet Street),45.5212262,-73.5785399,Le Plateau-Mont-Royal
Montreal,Quattro Piatti,45.502018,-73.560006,Ville-Marie
Montreal,Gourmet Bagels And Subs,45.5018869,-73.56739189999999,Quartier des Spectacles
Montreal,La mignonette,45.5092681,-73.5631729,Quartier des Spectacles
Montreal,Bourak Se7en's,45.5018869,-73.56739189999999,Quartier des Spectacles
Montreal,Terra Verde,45.5048813,-73.5602771,Vieux-Montréal
Montreal,Restaurant Ong Ca Can,45.51083149999999,-73.56320099999999,Quartier des Spectacles
Montreal,Mr Smoke Meat Inc,45.5222065,-73.6070437,Le Plateau-Mont-Royal
Montreal,Kamuy 1485 Jeanne Mance,45.5079134,-73.5673078,Quartier des Spectacles
Montreal,Monsieur Restaurant Bar,45.50469589999999,-73.5638172,Ville-Marie
Montreal,Cafe Saint-Henri,45.500989,-73.56441099999999,Quartier des Spectacles
Montreal,Magasin Privé,45.4996912,-73.57301100000001,Ville-Marie
Montreal,Dadashi,45.4929362,-73.579914,Ville-Marie
Montreal,Kamé Snack Bar Hawaien,45.50961650000001,-73.5638433,Quartier des Spectacles
Montreal,Mon Shing,45.5070842,-73.5606196,Quartier Chinois
Montreal,SeaSalt & Ceviche Bar,45.5036111,-73.5541667,Vieux-Montréal
Montreal,La Petite Maison,45.4972869,-73.57724139999999,Ville-Marie
Montreal,Kali Bistro,45.4884712,-73.5683474,Le Sud-Ouest
Montreal,Baratartar,45.49895739999999,-73.55396499999999,Vieux-Montréal
Montreal,Marche Des Eclusiers (Rue De La Commune O),45.4985532,-73.55210699999999,Vieux-Montréal
Montreal,Restaurant Tapas Pintxo (Rue Sainte-Catherine O),45.5096747,-73.5637794,Quartier des Spectacles
Montreal,Deno's Restaurant,45.512725,-73.55786839999999,Quartier Chinois
Montreal,Pannizza (1980 Sherbrooke O),45.4936841,-73.5835799,Ville-Marie
Montreal,Dog House,45.51432579999999,-73.572431,Le Plateau-Mont-Royal
Montreal,La Vieille Europe,45.515968,-73.5767709,Le Plateau-Mont-Royal
Montreal,One Babo,45.5052567,-73.55338429999999,Vieux-Montréal
Montreal,Nmenan's Bazaar,45.5018869,-73.56739189999999,Quartier des Spectacles
Montreal,Le Parva Bistro,45.5157941,-73.5625672,TOD quartier Berri UQAM
Montreal,La Voute,45.5022567,-73.559135,Ville-Marie
Montreal,Micro Espresso Café,45.50153780000001,-73.5567052,Vieux-Montréal
Montreal,Station Vitamine,45.50184060000001,-73.57018939999999,Quartier des Spectacles
Montreal,Café Nocturne,45.513585,-73.5729521,Le Plateau-Mont-Royal
Montreal,Beauty's Restaurant,45.5191028,-73.5874975,Le Plateau-Mont-Royal
Montreal,Branzino (50 Boulevard Rene-Levesque O),45.5018869,-73.56739189999999,Quartier des Spectacles
Montreal,Mehadrin Deli,45.5231016,-73.6062093,Mile-End
Montreal,Le Club Burgers - Sandwiches - Wraps,45.5323066,-73.5811157,Le Plateau-Mont-Royal
Montreal,Y-Fried Chicken,45.5018869,-73.56739189999999,Quartier des Spectacles
Montreal,Holiday's Resto and Snack,45.5018869,-73.56739189999999,Quartier des Spectacles
Montreal,trattoria gio,45.5079193,-73.5537918,Vieux-Montréal
Montreal,Patati Patata Friterie De Luxe,45.5180533,-73.5814759,Le Plateau-Mont-Royal
